[
    {
        "actionName": "vuser_end",
        "steps": [
            {
                "stepId": "STEP11",
                "stepName": "Url: logout",
                "infFile": "t13.inf",
                "time": 1708764220191
            },
            {
                "stepId": "STEP12",
                "stepName": "Url: thinking-tester-contact-list.herokuapp.com_2",
                "infFile": "t15.inf",
                "time": 1708764220957
            }
        ],
        "transactions": []
    }
]