[
    {
        "actionName": "vuser_init",
        "steps": [
            {
                "stepId": "STEP1",
                "stepName": "Url: thinking-tester-contact-list.herokuapp.com",
                "infFile": "t1.inf",
                "time": 1708764215579
            },
            {
                "stepId": "STEP2",
                "stepName": "Custom Request: login",
                "infFile": "t3.inf",
                "time": 1708764215867
            },
            {
                "stepId": "STEP3",
                "stepName": "Url: contactList",
                "infFile": "t4.inf",
                "time": 1708764216368
            },
            {
                "stepId": "STEP4",
                "stepName": "Custom Request: contacts",
                "infFile": "t5.inf",
                "time": 1708764216634
            }
        ],
        "transactions": []
    }
]