{"OutputFileHashSum":"6A1E27936C6C249CC8F8A919D78ACA925B19DEE76EEAF5FA544C09470CF12200","Converted":true,"OutputModifyDate":"2024-02-24T08:43:40.9593185Z","Metadatas":[{"CategoryName":"VuGen.Replay","Offset":530,"Length":141,"TypeId":1},{"CategoryName":"VuGen.Replay","Offset":671,"Length":104,"TypeId":1},{"CategoryName":"VuGen.Replay","Offset":2265,"Length":98,"TypeId":4},{"CategoryName":"VuGen.Replay","Offset":2363,"Length":91,"TypeId":4},{"CategoryName":"VuGen.Replay","Offset":2454,"Length":209,"TypeId":5},{"CategoryName":"VuGen.Replay","Offset":2867,"Length":228,"TypeId":4},{"CategoryName":"VuGen.Replay","Offset":3095,"Length":165,"TypeId":1},{"CategoryName":"VuGen.Replay","Offset":4415,"Length":23,"TypeId":3},{"CategoryName":"VuGen.Replay","Offset":4438,"Length":226,"TypeId":1},{"CategoryName":"VuGen.Replay","Offset":5785,"Length":80,"TypeId":4},{"CategoryName":"VuGen.Replay","Offset":5865,"Length":77,"TypeId":4},{"CategoryName":"VuGen.Replay","Offset":5942,"Length":79,"TypeId":4},{"CategoryName":"VuGen.Replay","Offset":6021,"Length":90,"TypeId":4},{"CategoryName":"VuGen.Replay","Offset":6111,"Length":81,"TypeId":4},{"CategoryName":"VuGen.Replay","Offset":6192,"Length":80,"TypeId":4},{"CategoryName":"VuGen.Replay","Offset":6272,"Length":80,"TypeId":4},{"CategoryName":"VuGen.Replay","Offset":6352,"Length":73,"TypeId":4},{"CategoryName":"VuGen.Replay","Offset":6425,"Length":77,"TypeId":4},{"CategoryName":"VuGen.Replay","Offset":6502,"Length":80,"TypeId":4},{"CategoryName":"VuGen.Replay","Offset":6582,"Length":78,"TypeId":4},{"CategoryName":"VuGen.Replay","Offset":9800,"Length":21,"TypeId":3}],"MetadataTypes":[{"CategoryName":"VuGen.Replay","MetadataTypeName":"Utt.Debugger.Warning","Id":1},{"CategoryName":"VuGen.Replay","MetadataTypeName":"Utt.Debugger.Error","Id":2},{"CategoryName":"VuGen.Replay","MetadataTypeName":"HP.LR.Vugen.Iteration","Id":3},{"CategoryName":"VuGen.Replay","MetadataTypeName":"HP.LR.Vugen.NotifyParameterSubstitution","Id":4},{"CategoryName":"VuGen.Replay","MetadataTypeName":"HP.LR.Vugen.NotifySavingParameter","Id":5}]}